INSERT INTO testing_system.user_role (id, role_name, check_deadlines) VALUES (1, 'student', 1);
INSERT INTO testing_system.user_role (id, role_name, check_deadlines) VALUES (2, 'teacher', 0);
INSERT INTO testing_system.user_role (id, role_name, check_deadlines) VALUES (3, 'admin', 0);

INSERT INTO testing_system.user (id, user_name, password_hash, role_id) VALUES (1, 'admin', '8c6976e5b5410415bde908bd4dee15dfb167a9c873fc4bb8a81f6f2ab448a918', 3);
INSERT INTO testing_system.user (id, user_name, password_hash, role_id) VALUES (2, 'teacher', '1057a9604e04b274da5a4de0c8f4b4868d9b230989f8c8c6a28221143cc5a755', 2);
INSERT INTO testing_system.user (id, user_name, password_hash, role_id) VALUES (3, 'student1', '509e87a6c45ee0a3c657bf946dd6dc43d7e5502143be195280f279002e70f7d9', 1);
INSERT INTO testing_system.user (id, user_name, password_hash, role_id) VALUES (4, 'student2', 'eb4b3111401df980f14f28ad6804ae096df1e1c6963c51eab4140be226f8c94c', 1);

INSERT INTO testing_system.university_group (id, name) VALUES (1, 'g0001');
INSERT INTO testing_system.university_group (id, name) VALUES (2, 'g0002');

INSERT INTO testing_system.user_university_group (user_id, university_group_id) VALUES (2, 1);
INSERT INTO testing_system.user_university_group (user_id, university_group_id) VALUES (2, 2);
INSERT INTO testing_system.user_university_group (user_id, university_group_id) VALUES (3, 1);
INSERT INTO testing_system.user_university_group (user_id, university_group_id) VALUES (4, 2);

INSERT INTO testing_system.test (id, name) VALUES (1, 'Mollitia saepe voluptatibus ut officiis veritatis tempora voluptatem animi');
INSERT INTO testing_system.test (id, name) VALUES (2, 'Enim enim est molestias consectetur voluptas iure');
INSERT INTO testing_system.test (id, name) VALUES (3, 'Hic et voluptas totam quo enim id voluptas officiis');
INSERT INTO testing_system.test (id, name) VALUES (4, 'Nesciunt excepturi amet iure deserunt reiciendis autem quas');
INSERT INTO testing_system.test (id, name) VALUES (5, 'Enim nesciunt consequatur aut nulla');

INSERT INTO testing_system.test_question (id, test_id, question, score) VALUES (1, 2, 'Pellentesque blandit porta leo eget?', 5);
INSERT INTO testing_system.test_question (id, test_id, question, score) VALUES (2, 4, 'Maecenas aliquet malesuada enim, sit?', 5);
INSERT INTO testing_system.test_question (id, test_id, question, score) VALUES (3, 3, 'Maecenas vitae tortor vitae felis?', 5);
INSERT INTO testing_system.test_question (id, test_id, question, score) VALUES (4, 1, 'Nam sagittis vestibulum dui, vel?', 5);
INSERT INTO testing_system.test_question (id, test_id, question, score) VALUES (5, 5, 'Duis commodo arcu id lacus?', 5);
INSERT INTO testing_system.test_question (id, test_id, question, score) VALUES (6, 5, 'Nullam consectetur sed justo ac?', 5);
INSERT INTO testing_system.test_question (id, test_id, question, score) VALUES (7, 4, 'Ut vel ultrices leo. Maecenas?', 5);
INSERT INTO testing_system.test_question (id, test_id, question, score) VALUES (8, 2, 'Nulla a purus id leo?', 5);
INSERT INTO testing_system.test_question (id, test_id, question, score) VALUES (9, 1, 'Pellentesque eget massa vitae diam?', 5);
INSERT INTO testing_system.test_question (id, test_id, question, score) VALUES (10, 5, 'Cras pretium interdum nisi, a?', 5);
INSERT INTO testing_system.test_question (id, test_id, question, score) VALUES (11, 1, 'Duis in elementum lorem. Cras?', 5);
INSERT INTO testing_system.test_question (id, test_id, question, score) VALUES (12, 1, 'Nulla ornare erat in mauris?', 5);
INSERT INTO testing_system.test_question (id, test_id, question, score) VALUES (13, 5, 'Fusce ultricies interdum quam mollis?', 5);
INSERT INTO testing_system.test_question (id, test_id, question, score) VALUES (14, 5, 'Cras nec erat pretium, ultrices?', 5);
INSERT INTO testing_system.test_question (id, test_id, question, score) VALUES (15, 3, 'Donec vitae nulla iaculis, aliquam?', 5);
INSERT INTO testing_system.test_question (id, test_id, question, score) VALUES (16, 3, 'Maecenas in faucibus nisi. Quisque?', 5);
INSERT INTO testing_system.test_question (id, test_id, question, score) VALUES (17, 3, 'Pellentesque aliquam quis lectus tincidunt?', 5);
INSERT INTO testing_system.test_question (id, test_id, question, score) VALUES (18, 4, 'Phasellus a lectus at augue?', 5);
INSERT INTO testing_system.test_question (id, test_id, question, score) VALUES (19, 2, 'Aenean vel placerat velit. In?', 5);
INSERT INTO testing_system.test_question (id, test_id, question, score) VALUES (20, 2, 'Aliquam mattis lobortis tortor vitae?', 5);
INSERT INTO testing_system.test_question (id, test_id, question, score) VALUES (21, 2, 'Phasellus pulvinar eleifend mauris, nec?', 5);

INSERT INTO testing_system.test_answer (id, answer) VALUES (1, 'Curabitur congue porttitor');
INSERT INTO testing_system.test_answer (id, answer) VALUES (2, 'Duis efficitur egestas');
INSERT INTO testing_system.test_answer (id, answer) VALUES (3, 'Pellentesque tempor rutrum');
INSERT INTO testing_system.test_answer (id, answer) VALUES (4, 'Proin sed tellus');
INSERT INTO testing_system.test_answer (id, answer) VALUES (5, 'Sed tincidunt urna');
INSERT INTO testing_system.test_answer (id, answer) VALUES (6, 'Suspendisse auctor ege');
INSERT INTO testing_system.test_answer (id, answer) VALUES (7, 'Nam eros urna');
INSERT INTO testing_system.test_answer (id, answer) VALUES (8, 'Nulla ut sem');
INSERT INTO testing_system.test_answer (id, answer) VALUES (9, 'Sed tincidunt libero');
INSERT INTO testing_system.test_answer (id, answer) VALUES (10, 'Vivamus ut accumsan');
INSERT INTO testing_system.test_answer (id, answer) VALUES (11, 'Etiam consectetur nisi');
INSERT INTO testing_system.test_answer (id, answer) VALUES (12, 'In ac nibh');
INSERT INTO testing_system.test_answer (id, answer) VALUES (13, 'Nam mattis faucibus');
INSERT INTO testing_system.test_answer (id, answer) VALUES (14, 'Duis id justo');
INSERT INTO testing_system.test_answer (id, answer) VALUES (15, 'Quisque at lacinia');
INSERT INTO testing_system.test_answer (id, answer) VALUES (16, 'Integer ut euismod');
INSERT INTO testing_system.test_answer (id, answer) VALUES (17, 'Duis ornare varius');
INSERT INTO testing_system.test_answer (id, answer) VALUES (18, 'Nulla lacinia nibh');
INSERT INTO testing_system.test_answer (id, answer) VALUES (19, 'Suspendisse potenti. Etiam');
INSERT INTO testing_system.test_answer (id, answer) VALUES (20, 'Proin quis risus');
INSERT INTO testing_system.test_answer (id, answer) VALUES (21, 'In id dui');
INSERT INTO testing_system.test_answer (id, answer) VALUES (22, 'Praesent commodo sed');
INSERT INTO testing_system.test_answer (id, answer) VALUES (23, 'Ut pellentesque eu');
INSERT INTO testing_system.test_answer (id, answer) VALUES (24, 'Nulla facilisi. Etiam');
INSERT INTO testing_system.test_answer (id, answer) VALUES (25, 'Cras maximus magna');
INSERT INTO testing_system.test_answer (id, answer) VALUES (26, 'Quisque augue velit');
INSERT INTO testing_system.test_answer (id, answer) VALUES (27, 'Duis rhoncus ullamcorpe');
INSERT INTO testing_system.test_answer (id, answer) VALUES (28, 'Integer ac purus');
INSERT INTO testing_system.test_answer (id, answer) VALUES (29, 'Etiam vel dui');
INSERT INTO testing_system.test_answer (id, answer) VALUES (30, 'In at eros');
INSERT INTO testing_system.test_answer (id, answer) VALUES (31, 'Cras neque odio');
INSERT INTO testing_system.test_answer (id, answer) VALUES (32, 'Maecenas scelerisque, odio');
INSERT INTO testing_system.test_answer (id, answer) VALUES (33, 'Nullam tristique purus');
INSERT INTO testing_system.test_answer (id, answer) VALUES (34, 'Curabitur commodo elit');
INSERT INTO testing_system.test_answer (id, answer) VALUES (35, 'Maecenas eget lobortis');
INSERT INTO testing_system.test_answer (id, answer) VALUES (36, 'Nulla orci orci');
INSERT INTO testing_system.test_answer (id, answer) VALUES (37, 'Donec fermentum libero');
INSERT INTO testing_system.test_answer (id, answer) VALUES (38, 'Integer gravida turpis');
INSERT INTO testing_system.test_answer (id, answer) VALUES (39, 'Sed sit amet');
INSERT INTO testing_system.test_answer (id, answer) VALUES (40, 'Nam rutrum velit');
INSERT INTO testing_system.test_answer (id, answer) VALUES (41, 'Duis venenatis interdum');
INSERT INTO testing_system.test_answer (id, answer) VALUES (42, 'Vivamus ex eros');
INSERT INTO testing_system.test_answer (id, answer) VALUES (43, 'Curabitur sollicitudin a');
INSERT INTO testing_system.test_answer (id, answer) VALUES (44, 'Suspendisse a metus');
INSERT INTO testing_system.test_answer (id, answer) VALUES (45, 'Aenean semper nec');
INSERT INTO testing_system.test_answer (id, answer) VALUES (46, 'Praesent eu suscipit');
INSERT INTO testing_system.test_answer (id, answer) VALUES (47, 'Etiam tempor, arcu');
INSERT INTO testing_system.test_answer (id, answer) VALUES (48, 'Aliquam a metus');
INSERT INTO testing_system.test_answer (id, answer) VALUES (49, 'Aenean vulputate, massa');
INSERT INTO testing_system.test_answer (id, answer) VALUES (50, 'Vestibulum venenatis tempus');
INSERT INTO testing_system.test_answer (id, answer) VALUES (51, 'Donec lacinia pulvinar');
INSERT INTO testing_system.test_answer (id, answer) VALUES (52, 'Cras ut dui');

INSERT INTO testing_system.test_question_answer (question_id, answer_id, is_correct) VALUES (1, 10, 0);
INSERT INTO testing_system.test_question_answer (question_id, answer_id, is_correct) VALUES (1, 12, 1);
INSERT INTO testing_system.test_question_answer (question_id, answer_id, is_correct) VALUES (2, 5, 0);
INSERT INTO testing_system.test_question_answer (question_id, answer_id, is_correct) VALUES (2, 18, 1);
INSERT INTO testing_system.test_question_answer (question_id, answer_id, is_correct) VALUES (2, 26, 0);
INSERT INTO testing_system.test_question_answer (question_id, answer_id, is_correct) VALUES (2, 28, 0);
INSERT INTO testing_system.test_question_answer (question_id, answer_id, is_correct) VALUES (3, 17, 0);
INSERT INTO testing_system.test_question_answer (question_id, answer_id, is_correct) VALUES (3, 20, 1);
INSERT INTO testing_system.test_question_answer (question_id, answer_id, is_correct) VALUES (3, 29, 1);
INSERT INTO testing_system.test_question_answer (question_id, answer_id, is_correct) VALUES (4, 51, 1);
INSERT INTO testing_system.test_question_answer (question_id, answer_id, is_correct) VALUES (4, 43, 1);
INSERT INTO testing_system.test_question_answer (question_id, answer_id, is_correct) VALUES (5, 1, 1);
INSERT INTO testing_system.test_question_answer (question_id, answer_id, is_correct) VALUES (5, 22, 0);
INSERT INTO testing_system.test_question_answer (question_id, answer_id, is_correct) VALUES (6, 33, 0);
INSERT INTO testing_system.test_question_answer (question_id, answer_id, is_correct) VALUES (6, 37, 1);
INSERT INTO testing_system.test_question_answer (question_id, answer_id, is_correct) VALUES (7, 45, 0);
INSERT INTO testing_system.test_question_answer (question_id, answer_id, is_correct) VALUES (7, 52, 1);
INSERT INTO testing_system.test_question_answer (question_id, answer_id, is_correct) VALUES (8, 39, 0);
INSERT INTO testing_system.test_question_answer (question_id, answer_id, is_correct) VALUES (8, 40, 1);
INSERT INTO testing_system.test_question_answer (question_id, answer_id, is_correct) VALUES (9, 23, 0);
INSERT INTO testing_system.test_question_answer (question_id, answer_id, is_correct) VALUES (9, 44, 1);
INSERT INTO testing_system.test_question_answer (question_id, answer_id, is_correct) VALUES (10, 49, 0);
INSERT INTO testing_system.test_question_answer (question_id, answer_id, is_correct) VALUES (10, 50, 1);
INSERT INTO testing_system.test_question_answer (question_id, answer_id, is_correct) VALUES (11, 24, 1);
INSERT INTO testing_system.test_question_answer (question_id, answer_id, is_correct) VALUES (11, 34, 1);
INSERT INTO testing_system.test_question_answer (question_id, answer_id, is_correct) VALUES (12, 2, 0);
INSERT INTO testing_system.test_question_answer (question_id, answer_id, is_correct) VALUES (12, 9, 0);
INSERT INTO testing_system.test_question_answer (question_id, answer_id, is_correct) VALUES (12, 13, 1);
INSERT INTO testing_system.test_question_answer (question_id, answer_id, is_correct) VALUES (13, 32, 0);
INSERT INTO testing_system.test_question_answer (question_id, answer_id, is_correct) VALUES (13, 38, 1);
INSERT INTO testing_system.test_question_answer (question_id, answer_id, is_correct) VALUES (14, 8, 0);
INSERT INTO testing_system.test_question_answer (question_id, answer_id, is_correct) VALUES (14, 14, 1);
INSERT INTO testing_system.test_question_answer (question_id, answer_id, is_correct) VALUES (14, 19, 1);
INSERT INTO testing_system.test_question_answer (question_id, answer_id, is_correct) VALUES (15, 6, 0);
INSERT INTO testing_system.test_question_answer (question_id, answer_id, is_correct) VALUES (15, 21, 0);
INSERT INTO testing_system.test_question_answer (question_id, answer_id, is_correct) VALUES (16, 47, 0);
INSERT INTO testing_system.test_question_answer (question_id, answer_id, is_correct) VALUES (16, 35, 1);
INSERT INTO testing_system.test_question_answer (question_id, answer_id, is_correct) VALUES (17, 3, 0);
INSERT INTO testing_system.test_question_answer (question_id, answer_id, is_correct) VALUES (17, 25, 1);
INSERT INTO testing_system.test_question_answer (question_id, answer_id, is_correct) VALUES (18, 36, 0);
INSERT INTO testing_system.test_question_answer (question_id, answer_id, is_correct) VALUES (18, 31, 1);
INSERT INTO testing_system.test_question_answer (question_id, answer_id, is_correct) VALUES (19, 7, 1);
INSERT INTO testing_system.test_question_answer (question_id, answer_id, is_correct) VALUES (19, 46, 1);
INSERT INTO testing_system.test_question_answer (question_id, answer_id, is_correct) VALUES (20, 4, 0);
INSERT INTO testing_system.test_question_answer (question_id, answer_id, is_correct) VALUES (20, 16, 1);
INSERT INTO testing_system.test_question_answer (question_id, answer_id, is_correct) VALUES (21, 11, 0);
INSERT INTO testing_system.test_question_answer (question_id, answer_id, is_correct) VALUES (21, 15, 1);
INSERT INTO testing_system.test_question_answer (question_id, answer_id, is_correct) VALUES (21, 27, 0);

INSERT INTO testing_system.test_deadline (test_id, university_group_id, deadline) VALUES (1, 1, '2020-08-03 00:00:00');
INSERT INTO testing_system.test_deadline (test_id, university_group_id, deadline) VALUES (1, 2, '2020-09-07 00:00:00');
INSERT INTO testing_system.test_deadline (test_id, university_group_id, deadline) VALUES (2, 1, '2020-08-16 00:00:00');
INSERT INTO testing_system.test_deadline (test_id, university_group_id, deadline) VALUES (2, 2, '2020-08-02 00:00:00');
INSERT INTO testing_system.test_deadline (test_id, university_group_id, deadline) VALUES (3, 1, '2020-07-28 00:00:00');
INSERT INTO testing_system.test_deadline (test_id, university_group_id, deadline) VALUES (3, 2, '2020-08-16 00:00:00');
INSERT INTO testing_system.test_deadline (test_id, university_group_id, deadline) VALUES (4, 1, '2020-08-24 00:00:00');
INSERT INTO testing_system.test_deadline (test_id, university_group_id, deadline) VALUES (4, 2, '2020-08-09 00:00:00');
INSERT INTO testing_system.test_deadline (test_id, university_group_id, deadline) VALUES (5, 1, '2020-08-08 00:00:00');
INSERT INTO testing_system.test_deadline (test_id, university_group_id, deadline) VALUES (5, 2, '2020-09-18 00:00:00');

INSERT INTO testing_system.test_attempt (id, user_id, test_id, score, datetime) VALUES (1, 2, 3, 4, '2020-06-25 11:44:02');
INSERT INTO testing_system.test_attempt (id, user_id, test_id, score, datetime) VALUES (2, 3, 2, 4, '2020-06-25 11:44:02');
INSERT INTO testing_system.test_attempt (id, user_id, test_id, score, datetime) VALUES (3, 1, 3, 10, '2020-06-25 11:44:02');
INSERT INTO testing_system.test_attempt (id, user_id, test_id, score, datetime) VALUES (4, 2, 2, 7, '2020-06-25 11:44:02');
INSERT INTO testing_system.test_attempt (id, user_id, test_id, score, datetime) VALUES (5, 3, 4, 2, '2020-06-25 11:44:02');
